Marca,Título,Precio Anterior,Precio Actual,Descuento,Calificación,Reseñas,URL
DELL,Computador Portatil Laptop Corporativo Promocion Usado,999999.0,759999.0,24.0,4.0,5,https://click1.mercadolibre.com.co/mclics/clicks/external/MCO/count?a=%2FU8QwOuld3w0c%2BszGeVwHB3BWgmO4xDnQzQtxyJO8TPhBF6CxlWSTbzHBv%2Bp%2F9DF%2BxxPXVJtALyRR%2FJv3k27HgygDyyv65WCDNdNwrfM0aSqDYfvA5mc7AxQSzWYsYlNO0xrr8gf4r5IV%2BF%2B7JAsnJ3otzYhYZe2438LhUYGCHwLpWaeqArhbWwma7H4JSN3ksqyS%2FxY3Rvycm2IcuogS3DRKnwc%2FVT8qtEp90cEY9fHs%2FELATYA7YvPRt1dA2JThp0XYeRPqj6lfe4ytZafGvzWgdiJwLrFT63Vyeh2y6X8%2FwBMViwme%2BTVcRF%2B4KoX%2ByEdmpwhuw2AyE9L64mca2eCVJGt3klxFNtgHPnsUUHCSbkLYHf%2BEO24nJeJlZKCofOowr%2BlqjNTS%2FsFTlQm6n2Q83u3lzfwbc8sokmCxZqFQnoyyI2jOcV65OkV01ia7L1UZsbm%2FTM6hS%2FhM6aY5yIyZSWwM2VgIOtrotOC5ZRm17ySawAp%2BKMVg4sM5QlJyPZCn0NHNts5dEkpCz418sNtfaPo2sJwQvX4%2BvbBcROPuodP4qXLB3IpxfAanHHCsbCbgcA3v4r7AMCuO%2FpClZKi100lX4YNtPpLGX%2F0iLRPD0Uoc7McqYd8vQ%2FIUuAsFpNZj09jPNBdz6CjLPtJIBrNrvlZIOu4YraoxDjnF0cgq8CTszdK5O0jMkL5k26xY2q4DYIyz4uFkNEQakV%2FMlr2jfT%2BZzQf0SReq2DxfClPOr%2FA4zYwwl0pYMJwpgKOcN5bp0d2gNVLbgj2PD0lmwKijQQ%2Bwm9WzwZfCynYWiEz03%2FYIGQyHffP9qN4AYU36bpQze%2Fy%2FmhRYcXXFfuG0G%2FPM8YPsfQy9GBe1JMtwOkq4C5Utat8cw%3D%3D&searchVariation=181673730321&highlight=false&headerTopBrand=false#polycard_client=search-nordic&tracking_id=74c533b3-6a07-4af7-98b9-4b881827f92b
HP,Laptop Hp I5 Ddr4 8gb Ssd 240gb Windows 11,999999.0,769999.0,23.0,4.5,2,https://click1.mercadolibre.com.co/mclics/clicks/external/MCO/count?a=xgoV5FvUkQf1CryWIW9gIj6n0Q5QsM6cK7MpKohyaMok9J1upq0msPcnYlxMCic0i%2BAzdYQ4lb5XfmWSE1rzOD1bYgReyUNv7agC2WIrigdwT3qWF7O9yTSVnZs9trsmQbuBdrMNy4VP7hgIv9IacqpaLxQiOonCG3hkNkXmCuYueoOk6t%2FZesESAi0hwCiS4xoqzLMnwyOsMxyB5zl9rAkhhd2kzwntqIlcAWuwtWAKVixQRVfIXhI%2FkeP50VJVmrERuXas%2FmdszuP60zr%2FvNptvZzw%2F6jTpupQcYUgoIB%2FRe%2BcxNFh31qubvdyixxgdg8%2B7y9%2FWV7xEhOvyOvuESJrEvgnXh9WZNSdyArFxqONhX2OPTLccnV0VNEbPeH%2BrCIKWKKAylhxBpyLbUNLLGEkMTgjkue4mtuiPPbSRaEhERJmPfCka7uPkMYJUKtAGa58X63vxPYPlZcuOpbzuQ8ymdOvLH%2BKZRZtErC1QbgSWjS7ywgeGQml%2B7vBrQoI8HFHakdKSpMRswnXE0W6WarcmmMfoBVMOkrkSQbrwQ42UPpV1rFLVCwHaP7UW2ug7LJOi7KAGcPRtMDkCNMZ6V%2F9Ux4S3z0P4p35wavwJ6YmaasJz1yBx41OxGVV2YLqG21iIbXbwZNZgFxLtHEI4W%2BVtXjEpRA6WHSBqdsjQBprgRjDjtq%2FySJBTStLPclIvKNYHArMgvYpuBfKfFdNbxDIBPwVRVhVbiNefxdmlJSQ0SSwqB0DJzY8lYWKi3B74FKMKm72N%2BTMQz3mD5I7%2FMKRoCou8A6y%2FrtSBui7AO3odx%2Bhg8NYHNnfPjS%2BFxs2B88rakjmD2bhhuKKmsctQjGr%2FniZ0xcBOxNh&searchVariation=186865852637&highlight=false&headerTopBrand=false#polycard_client=search-nordic&tracking_id=74c533b3-6a07-4af7-98b9-4b881827f92b
ASUS,"Portátil Asus Vivobook Oled E1504FA Ryzen5 7520u RAM 16gb SSD 512gb FHD 15.6"" - Negro",2899000.0,1837900.0,36.0,4.7,62,https://www.mercadolibre.com.co/portatil-asus-vivobook-oled-e1504fa-ryzen5-7520u-ram-16gb-ssd-512gb-fhd-156-negro/p/MCO44966185?highlight=true&headerTopBrand=false#polycard_client=search-nordic&searchVariation=MCO44966185&position=4&search_layout=stack&type=product&tracking_id=74c533b3-6a07-4af7-98b9-4b881827f92b&wid=MCO2818512528&sid=search
ASUS,Portátil Asus Vivobook X1502 Ci5-12500h 24gb Ssd512 Fhd15.6 color Quiet Blue,2249000.0,1929900.0,14.0,4.9,16,https://www.mercadolibre.com.co/portatil-asus-vivobook-x1502-ci5-12500h-24gb-ssd512-fhd156-color-quiet-blue/p/MCO47191661?highlight=true&headerTopBrand=false#polycard_client=search-nordic&searchVariation=MCO47191661&position=5&search_layout=stack&type=product&tracking_id=74c533b3-6a07-4af7-98b9-4b881827f92b&wid=MCO1569451947&sid=search
LENOVO,Portátil Lenovo Thinkbook 14 Core I5 13420h 16gb 512gb Color Gris,2999000.0,1988500.0,33.0,4.8,16,https://www.mercadolibre.com.co/portatil-lenovo-thinkbook-14-core-i5-13420h-16gb-512gb-color-gris/p/MCO46368554?highlight=true&headerTopBrand=false#polycard_client=search-nordic&searchVariation=MCO46368554&position=6&search_layout=stack&type=product&tracking_id=74c533b3-6a07-4af7-98b9-4b881827f92b&wid=MCO2822282416&sid=search
ASUS,"Portátil Asus E1504ga-nj103 Core I3 Ram 8 Gb Ssd 512 Gb 15,6 Color Negro",1699000.0,1399900.0,17.0,4.8,290,https://www.mercadolibre.com.co/portatil-asus-e1504ga-nj103-core-i3-ram-8-gb-ssd-512-gb-156-color-negro/p/MCO32634238?highlight=true&headerTopBrand=true#polycard_client=search-nordic&searchVariation=MCO32634238&position=7&search_layout=stack&type=product&tracking_id=74c533b3-6a07-4af7-98b9-4b881827f92b&wid=MCO2207351174&sid=search
LENOVO,Portatil Lenovo Ip S3 Core I3 N305 8gb/512ssd/15.6 Color Celeste,,1399900.0,,4.8,18,https://www.mercadolibre.com.co/portatil-lenovo-ip-s3-core-i3-n305-8gb512ssd156-color-celeste/p/MCO44200328?highlight=true&headerTopBrand=false#polycard_client=search-nordic&searchVariation=MCO44200328&position=8&search_layout=stack&type=product&tracking_id=74c533b3-6a07-4af7-98b9-4b881827f92b&wid=MCO2882624260&sid=search
ASUS,Portátil Asus X1605za Core I5 12500h 16GB 512GB Vivobook 16 Color Negro,3099000.0,1870900.0,39.0,,,https://www.mercadolibre.com.co/portatil-asus-x1605za-core-i5-12500h-16gb-512gb-vivobook-16-color-negro/p/MCO47135699?highlight=true&headerTopBrand=false#polycard_client=search-nordic&searchVariation=MCO47135699&position=9&search_layout=stack&type=product&tracking_id=74c533b3-6a07-4af7-98b9-4b881827f92b&wid=MCO2832806322&sid=search
ASUS,Portátil Asus X1605za-mb644 Intel Corei5-12500h 16gb Ram Disco Solido 512ssd 16 Fhd Endless,,2029900.0,,4.9,153,https://www.mercadolibre.com.co/portatil-asus-x1605za-mb644-intel-corei5-12500h-16gb-ram-disco-solido-512ssd-16-fhd-endless/p/MCO32161065?highlight=true&headerTopBrand=false#polycard_client=search-nordic&searchVariation=MCO32161065&position=10&search_layout=stack&type=product&tracking_id=74c533b3-6a07-4af7-98b9-4b881827f92b&wid=MCO1523840021&sid=search
ASUS,Portatil Asus E1504fa-nj474 Ryzen 5-7520u Ram 16gb Ssd 512gb Color Negro,,1725000.0,,4.8,414,https://www.mercadolibre.com.co/portatil-asus-e1504fa-nj474-ryzen-5-7520u-ram-16gb-ssd-512gb-color-negro/p/MCO23498360?highlight=true&headerTopBrand=false#polycard_client=search-nordic&searchVariation=MCO23498360&position=11&search_layout=stack&type=product&tracking_id=74c533b3-6a07-4af7-98b9-4b881827f92b&wid=MCO2850949604&sid=search
ASUS,Computador Portatil Asus X1504za-nj227 Core I5 24gb 512gb Azul,,1999900.0,,4.6,33,https://www.mercadolibre.com.co/computador-portatil-asus-x1504za-nj227-core-i5-24gb-512gb-azul/p/MCO34194456?highlight=true&headerTopBrand=false#polycard_client=search-nordic&searchVariation=MCO34194456&position=12&search_layout=stack&type=product&tracking_id=74c533b3-6a07-4af7-98b9-4b881827f92b&wid=MCO1434617549&sid=search
HP,Portatil Hp 12ava Gen Intel I3 1215u Ssd 512gb Ram 8gb Color Plateado,1611000.0,1379992.0,14.0,4.8,55,https://www.mercadolibre.com.co/portatil-hp-12ava-gen-intel-i3-1215u-ssd-512gb-ram-8gb-color-plateado/p/MCO29272690?highlight=true&headerTopBrand=false#polycard_client=search-nordic&searchVariation=MCO29272690&position=13&search_layout=stack&type=product&tracking_id=74c533b3-6a07-4af7-98b9-4b881827f92b&wid=MCO1551833753&sid=search
HP,"Notebook 15,6 Hp 250 G9 Intel Celeron 8 Gb Ram 256 Gb Ssd Color Negro",1094000.0,902003.0,17.0,4.6,25,https://www.mercadolibre.com.co/notebook-156-hp-250-g9-intel-celeron-8-gb-ram-256-gb-ssd-color-negro/p/MCO24443216?highlight=true&headerTopBrand=false#polycard_client=search-nordic&searchVariation=MCO24443216&position=14&search_layout=stack&type=product&tracking_id=74c533b3-6a07-4af7-98b9-4b881827f92b&wid=MCO1479324193&sid=search
LENOVO,Portatil Lenovo V14 Core I5-13420h 24gb 512gb Ssd Color Negro,2176667.0,1900230.0,12.0,4.8,46,https://www.mercadolibre.com.co/portatil-lenovo-v14-core-i5-13420h-24gb-512gb-ssd-color-negro/p/MCO44279796?highlight=true&headerTopBrand=false#polycard_client=search-nordic&searchVariation=MCO44279796&position=15&search_layout=stack&type=product&tracking_id=74c533b3-6a07-4af7-98b9-4b881827f92b&wid=MCO1587144125&sid=search
ASUS,Asus Vivobook 16x Core I9 13900h 24gb 1tb Ssd 16' Wuxga Color Negro,3444333.0,2858796.0,17.0,4.9,29,https://www.mercadolibre.com.co/asus-vivobook-16x-core-i9-13900h-24gb-1tb-ssd-16-wuxga-color-negro/p/MCO28327865?highlight=true&headerTopBrand=false#polycard_client=search-nordic&searchVariation=MCO28327865&position=16&search_layout=stack&type=product&tracking_id=74c533b3-6a07-4af7-98b9-4b881827f92b&wid=MCO2888536008&sid=search
ASUS,Portátil Asus Fa506nc Ryzen 5 7535hs Rtx3050 16gb 512gb 15.6 Color Negro,3999000.0,2949000.0,26.0,5.0,4,https://www.mercadolibre.com.co/portatil-asus-fa506nc-ryzen-5-7535hs-rtx3050-16gb-512gb-156-color-negro/p/MCO45003983?highlight=true&headerTopBrand=true#polycard_client=search-nordic&searchVariation=MCO45003983&position=17&search_layout=stack&type=product&tracking_id=74c533b3-6a07-4af7-98b9-4b881827f92b&wid=MCO1547075017&sid=search
HP,Notebook Hp 245 G10 R3 7330u 512gb Ssd 8gb Ram Windows 11 Ho,1621375.0,1259900.0,22.0,4.6,24,https://www.mercadolibre.com.co/notebook-hp-245-g10-r3-7330u-512gb-ssd-8gb-ram-windows-11-ho/p/MCO39243137?highlight=true&headerTopBrand=false#polycard_client=search-nordic&searchVariation=MCO39243137&position=18&search_layout=stack&type=product&tracking_id=74c533b3-6a07-4af7-98b9-4b881827f92b&wid=MCO1547113843&sid=search
,Potátil Portátil 14-dq0533la 14 8gb De Ram - 256gb Ssd - Intel Celeron,,919800.0,,4.9,14,https://www.mercadolibre.com.co/potatil-portatil-14-dq0533la-14-8gb-de-ram-256gb-ssd-intel-celeron/p/MCO43485439?highlight=true&headerTopBrand=false#polycard_client=search-nordic&searchVariation=MCO43485439&position=19&search_layout=stack&type=product&tracking_id=74c533b3-6a07-4af7-98b9-4b881827f92b&wid=MCO2811514240&sid=search
APPLE,MacBook Air 13.6 M2 256 GB SSD 16 GB Ram Z160000au C/ Nota,,4275000.0,,4.9,131,https://www.mercadolibre.com.co/macbook-air-136-m2-256-gb-ssd-16-gb-ram-z160000au-c-nota/p/MCO26602331?highlight=true&headerTopBrand=false#polycard_client=search-nordic&searchVariation=MCO26602331&position=20&search_layout=stack&type=product&tracking_id=74c533b3-6a07-4af7-98b9-4b881827f92b&wid=MCO1595928585&sid=search
HP,Laptop Hp 240 G9 Intel Celeron N4500 8gb 256gb Ssd 14 Black Color Plateado,1140000.0,939250.0,17.0,4.6,127,https://www.mercadolibre.com.co/laptop-hp-240-g9-intel-celeron-n4500-8gb-256gb-ssd-14-black-color-plateado/p/MCO33774175?highlight=true&headerTopBrand=false#polycard_client=search-nordic&searchVariation=MCO33774175&position=21&search_layout=stack&type=product&tracking_id=74c533b3-6a07-4af7-98b9-4b881827f92b&wid=MCO1479423655&sid=search
LENOVO,Portátil Lenovo Ideapad Slim 3 Amd Ryzen 7 16gb 512gb 15.6 Color Arctic Grey,2499000.0,2089900.0,16.0,4.8,17,https://www.mercadolibre.com.co/portatil-lenovo-ideapad-slim-3-amd-ryzen-7-16gb-512gb-156-color-arctic-grey/p/MCO37810549?highlight=true&headerTopBrand=true#polycard_client=search-nordic&searchVariation=MCO37810549&position=22&search_layout=stack&type=product&tracking_id=74c533b3-6a07-4af7-98b9-4b881827f92b&wid=MCO2779010778&sid=search
ACER,Portátil Acer Nitro V Amd 7535hs Rtx 2050 Ram 16gb M.2 512gb Color Negro,,3964360.0,,4.9,43,https://www.mercadolibre.com.co/portatil-acer-nitro-v-amd-7535hs-rtx-2050-ram-16gb-m2-512gb-color-negro/p/MCO45180899?highlight=true&headerTopBrand=false#polycard_client=search-nordic&searchVariation=MCO45180899&position=23&search_layout=stack&type=product&tracking_id=74c533b3-6a07-4af7-98b9-4b881827f92b&wid=MCO2855376486&sid=search
ASUS,Portatil Asus Vivobook X1504za-nj372 Corei5 1235u 20gb 512gb Azul,,2049900.0,,4.7,326,https://www.mercadolibre.com.co/portatil-asus-vivobook-x1504za-nj372-corei5-1235u-20gb-512gb-azul/p/MCO28710903?highlight=true&headerTopBrand=false#polycard_client=search-nordic&searchVariation=MCO28710903&position=24&search_layout=stack&type=product&tracking_id=74c533b3-6a07-4af7-98b9-4b881827f92b&wid=MCO2219873382&sid=search
HP,"Portátil HP Gaming Victus 15-fa0021la Intel Core i5 8GB RAM 512GB SSD GPU NVIDIA GeForce RTX 3050 FHD Windows 11 Home Single Language 15.6""",4999900.0,3083971.0,34.0,4.4,7,https://www.mercadolibre.com.co/portatil-hp-gaming-victus-15-fa0021la-intel-core-i5-8gb-ram-512gb-ssd-gpu-nvidia-geforce-rtx-3050-fhd-windows-11-home-single-language-156/p/MCO38497887?highlight=true&headerTopBrand=false#polycard_client=search-nordic&searchVariation=MCO38497887&position=25&search_layout=stack&type=product&tracking_id=74c533b3-6a07-4af7-98b9-4b881827f92b&wid=MCO2700950256&sid=search
LENOVO,"Potátil Lenovo Ideapad Slim 3 15IAH8 15.6"" color abyss blue 16GB de Ram 512GB SSD Intel Core i5",,1999900.0,,4.9,51,https://www.mercadolibre.com.co/potatil-lenovo-ideapad-slim-3-15iah8-156-color-abyss-blue-16gb-de-ram-512gb-ssd-intel-core-i5/p/MCO28604720?highlight=true&headerTopBrand=false#polycard_client=search-nordic&searchVariation=MCO28604720&position=26&search_layout=stack&type=product&tracking_id=74c533b3-6a07-4af7-98b9-4b881827f92b&wid=MCO1559324053&sid=search
,Msi Cyborg 14 A13vf I7 16gb 512gb Ssd Rtx 4060 8gb Color Negro,,4899000.0,,4.9,8,https://www.mercadolibre.com.co/msi-cyborg-14-a13vf-i7-16gb-512gb-ssd-rtx-4060-8gb-color-negro/p/MCO45076522?highlight=true&headerTopBrand=false#polycard_client=search-nordic&searchVariation=MCO45076522&position=27&search_layout=stack&type=product&tracking_id=74c533b3-6a07-4af7-98b9-4b881827f92b&wid=MCO1525381177&sid=search
APPLE,"Apple MacBook Air A2337 (13 pulgadas, 2020, Chip M1, 256 GB de SSD, 8 GB de RAM) - Gris espacial",,3279900.0,,4.9,382,https://www.mercadolibre.com.co/apple-macbook-air-a2337-13-pulgadas-2020-chip-m1-256-gb-de-ssd-8-gb-de-ram-gris-espacial/p/MCO17828518?highlight=true&headerTopBrand=false#polycard_client=search-nordic&searchVariation=MCO17828518&position=28&search_layout=stack&type=product&tracking_id=74c533b3-6a07-4af7-98b9-4b881827f92b&wid=MCO1335447539&sid=search
LENOVO,"Lenovo Ideapad 1 Ip 1 15igl7 Intel Celeron N4020 15,6 Pulgadas 8 GB Ram",1500000.0,1016900.0,32.0,,,https://www.mercadolibre.com.co/lenovo-ideapad-1-ip-1-15igl7-intel-celeron-n4020-156-pulgadas-8-gb-ram/p/MCO40332473?highlight=true&headerTopBrand=false#polycard_client=search-nordic&searchVariation=MCO40332473&position=29&search_layout=stack&type=product&tracking_id=74c533b3-6a07-4af7-98b9-4b881827f92b&wid=MCO2864083698&sid=search
LENOVO,Portátil Lenovo Ideapad Slim 3 Intel Ci 5 16gb 512gb Touch Color Artic Grey,2640900.0,2482446.0,6.0,5.0,4,https://www.mercadolibre.com.co/portatil-lenovo-ideapad-slim-3-intel-ci-5-16gb-512gb-touch-color-artic-grey/p/MCO44598331?highlight=true&headerTopBrand=false#polycard_client=search-nordic&searchVariation=MCO44598331&position=30&search_layout=stack&type=product&tracking_id=74c533b3-6a07-4af7-98b9-4b881827f92b&wid=MCO2889373760&sid=search
APPLE,Apple MacBook Air M1 A2337 Oro 8GB RAM 256GB 13´´,,3963999.0,,4.9,382,https://www.mercadolibre.com.co/apple-macbook-air-m1-a2337-oro-8gb-ram-256gb-13/p/MCO17828522?highlight=true&headerTopBrand=false#polycard_client=search-nordic&searchVariation=MCO17828522&position=31&search_layout=stack&type=product&tracking_id=74c533b3-6a07-4af7-98b9-4b881827f92b&wid=MCO808606084&sid=search
LENOVO,Portatil Lenovo V14 Amd Ryzen 7 7730u 24gb 512 Ssd Iron Grey,2942714.0,1999900.0,32.0,4.8,39,https://articulo.mercadolibre.com.co/MCO-2734369234-portatil-lenovo-v14-amd-ryzen-7-7730u-24gb-512-ssd-iron-grey-_JM?searchVariation=182171479812&highlight=false&headerTopBrand=false#polycard_client=search-nordic&searchVariation=182171479812&position=52&search_layout=stack&type=item&tracking_id=74c533b3-6a07-4af7-98b9-4b881827f92b
LENOVO,Portatil Lenovo V14 Core I5-13420h 16gb 512gb Ssd Color Negro,2087778.0,1822630.0,12.0,4.8,46,https://www.mercadolibre.com.co/portatil-lenovo-v14-core-i5-13420h-16gb-512gb-ssd-color-negro/p/MCO44291281?highlight=true&headerTopBrand=false#polycard_client=search-nordic&searchVariation=MCO44291281&position=32&search_layout=stack&type=product&tracking_id=74c533b3-6a07-4af7-98b9-4b881827f92b&wid=MCO1587242933&sid=search
ASUS,Portátil Asus E1504fa Ryzen 5 7520u 16gb 512gb Fhd Vivobook Color Negro,2599000.0,1734900.0,33.0,5.0,1,https://www.mercadolibre.com.co/portatil-asus-e1504fa-ryzen-5-7520u-16gb-512gb-fhd-vivobook-color-negro/p/MCO46519104?highlight=true&headerTopBrand=false#polycard_client=search-nordic&searchVariation=MCO46519104&position=33&search_layout=stack&type=product&tracking_id=74c533b3-6a07-4af7-98b9-4b881827f92b&wid=MCO2827099462&sid=search
DELL,"Portátil Dell Inspiron 7MPHP de 15,6"" con procesador Intel Core i3 1215U 8 GB de RAM SSD de 512 GB gráficos Intel UHD Windows 11 Home",,1440593.0,,4.0,13,https://www.mercadolibre.com.co/portatil-dell-inspiron-7mphp-de-156-con-procesador-intel-core-i3-1215u-8-gb-de-ram-ssd-de-512-gb-graficos-intel-uhd-windows-11-home/p/MCO29241815?highlight=true&headerTopBrand=false#polycard_client=search-nordic&searchVariation=MCO29241815&position=34&search_layout=stack&type=product&tracking_id=74c533b3-6a07-4af7-98b9-4b881827f92b&wid=MCO2871699044&sid=search
ASUS,Asus X1504ZA-NJ Portatil Vivobook Core I3 1215u 12gb Ssd 512gb Color Gris,1789900.0,1700405.0,5.0,4.8,155,https://www.mercadolibre.com.co/asus-x1504za-nj-portatil-vivobook-core-i3-1215u-12gb-ssd-512gb-color-gris/p/MCO41209434?highlight=true&headerTopBrand=false#polycard_client=search-nordic&searchVariation=MCO41209434&position=35&search_layout=stack&type=product&tracking_id=74c533b3-6a07-4af7-98b9-4b881827f92b&wid=MCO2855495740&sid=search
LENOVO,"Laptop Lenovo V15 G4 15.6 Fhd, Amd Ryzen 5 7520u 16gb 512gb Color Gris Oscuro",2599000.0,1745030.0,32.0,5.0,1,https://www.mercadolibre.com.co/laptop-lenovo-v15-g4-156-fhd-amd-ryzen-5-7520u-16gb-512gb-color-gris-oscuro/p/MCO38471251?highlight=true&headerTopBrand=false#polycard_client=search-nordic&searchVariation=MCO38471251&position=36&search_layout=stack&type=product&tracking_id=74c533b3-6a07-4af7-98b9-4b881827f92b&wid=MCO2847347768&sid=search
APPLE,"MacBook Pro MacBook Pro 14"" M3 Pro 14"" color space black 18GB de Ram - 512GB SSD - Apple M3",16999000.0,9027900.0,42.0,5.0,51,https://www.mercadolibre.com.co/macbook-pro-macbook-pro-14-m3-pro-14-color-space-black-18gb-de-ram-512gb-ssd-apple-m3/p/MCO28766778?highlight=true&headerTopBrand=false#polycard_client=search-nordic&searchVariation=MCO28766778&position=37&search_layout=stack&type=product&tracking_id=74c533b3-6a07-4af7-98b9-4b881827f92b&wid=MCO2151877696&sid=search
ASUS,Portátil Asus X1504za Core I5 1235u 16gb 512gb Vivobook 15 Color Azul,3000000.0,1908900.0,36.0,5.0,1,https://www.mercadolibre.com.co/portatil-asus-x1504za-core-i5-1235u-16gb-512gb-vivobook-15-color-azul/p/MCO45786070?highlight=true&headerTopBrand=false#polycard_client=search-nordic&searchVariation=MCO45786070&position=38&search_layout=stack&type=product&tracking_id=74c533b3-6a07-4af7-98b9-4b881827f92b&wid=MCO1536484715&sid=search
ASUS,Portátil Asus X1605za Core I5 12500h 16gb 512gb Vivobook 16 Color Negro,,1949900.0,,4.7,7,https://www.mercadolibre.com.co/portatil-asus-x1605za-core-i5-12500h-16gb-512gb-vivobook-16-color-negro/p/MCO45259250?highlight=true&headerTopBrand=false#polycard_client=search-nordic&searchVariation=MCO45259250&position=39&search_layout=stack&type=product&tracking_id=74c533b3-6a07-4af7-98b9-4b881827f92b&wid=MCO1547034563&sid=search
HP,"Portátil HP Pavilion 15-eg2502la Intel Core i5, 8GB RAM, 512GB SSD FHD Windows 11 Home Single Language 15.6""",3999900.0,1999900.0,50.0,5.0,2,https://www.mercadolibre.com.co/portatil-hp-pavilion-15-eg2502la-intel-core-i5-8gb-ram-512gb-ssd-fhd-windows-11-home-single-language-156/p/MCO43617108?highlight=false&headerTopBrand=true#polycard_client=search-nordic&searchVariation=MCO43617108&position=40&search_layout=stack&type=product&tracking_id=74c533b3-6a07-4af7-98b9-4b881827f92b&wid=MCO1533188369&sid=search
LENOVO,Portátil Lenovo Loq I5 12450hx Rtx 3050 Ram 24gb M.2 512gb Color Gris,3999000.0,3379000.0,15.0,4.8,6,https://www.mercadolibre.com.co/portatil-lenovo-loq-i5-12450hx-rtx-3050-ram-24gb-m2-512gb-color-gris/p/MCO45171417?highlight=true&headerTopBrand=true#polycard_client=search-nordic&searchVariation=MCO45171417&position=41&search_layout=stack&type=product&tracking_id=74c533b3-6a07-4af7-98b9-4b881827f92b&wid=MCO1591316613&sid=search
DELL,Portátil Computador Dell Intel Core I3 Ssd 512gb Ram 16gb Color Plateado,,1525900.0,,5.0,12,https://www.mercadolibre.com.co/portatil-computador-dell-intel-core-i3-ssd-512gb-ram-16gb-color-plateado/p/MCO36040434?highlight=true&headerTopBrand=false#polycard_client=search-nordic&searchVariation=MCO36040434&position=42&search_layout=stack&type=product&tracking_id=74c533b3-6a07-4af7-98b9-4b881827f92b&wid=MCO1590497761&sid=search
APPLE,MacBook Air Apple Plateada Chip M1 - 13.3'' 256gb + 8gb Ram Color Plata,3336927.0,3136711.0,6.0,4.8,8,https://www.mercadolibre.com.co/macbook-air-apple-plateada-chip-m1-133-256gb-8gb-ram-color-plata/p/MCO23897874?highlight=true&headerTopBrand=false#polycard_client=search-nordic&searchVariation=MCO23897874&position=43&search_layout=stack&type=product&tracking_id=74c533b3-6a07-4af7-98b9-4b881827f92b&wid=MCO1542965083&sid=search
HP,"Portátil HP 14-ep1001la Intel Core Ultra 5 8GB RAM 512GB SSD FHD Windows 11 Home Single Language 14""",3399900.0,2379930.0,30.0,4.7,9,https://www.mercadolibre.com.co/portatil-hp-14-ep1001la-intel-core-ultra-5-8gb-ram-512gb-ssd-fhd-windows-11-home-single-language-14/p/MCO39104210?highlight=true&headerTopBrand=true#polycard_client=search-nordic&searchVariation=MCO39104210&position=44&search_layout=stack&type=product&tracking_id=74c533b3-6a07-4af7-98b9-4b881827f92b&wid=MCO1568568161&sid=search
LENOVO,Portátil Lenovo V14 G4 Core I7 1355u 16gb 512gb Fhd 14 Color Gris,3799000.0,2414330.0,36.0,,,https://www.mercadolibre.com.co/portatil-lenovo-v14-g4-core-i7-1355u-16gb-512gb-fhd-14-color-gris/p/MCO44739713?highlight=true&headerTopBrand=false#polycard_client=search-nordic&searchVariation=MCO44739713&position=45&search_layout=stack&type=product&tracking_id=74c533b3-6a07-4af7-98b9-4b881827f92b&wid=MCO2775989416&sid=search
ASUS,Portátil Asus Intel Core I7 13700h Ram 32gb Ssd 512gb 16 Color Negro,,2920692.0,,4.5,2,https://www.mercadolibre.com.co/portatil-asus-intel-core-i7-13700h-ram-32gb-ssd-512gb-16-color-negro/p/MCO48356730?highlight=true&headerTopBrand=false#polycard_client=search-nordic&searchVariation=MCO48356730&position=46&search_layout=stack&type=product&tracking_id=74c533b3-6a07-4af7-98b9-4b881827f92b&wid=MCO2878788924&sid=search
LENOVO,Portátil Lenovo Loq 15iax9e Intel Core i5-12450HX 16 GB 512 GB SSD Rtx 3050 Linux 15.6 - 83 mes00000 Luna Grey,,3259900.0,,4.8,4,https://www.mercadolibre.com.co/portatil-lenovo-loq-15iax9e-intel-core-i5-12450hx-16-gb-512-gb-ssd-rtx-3050-linux-156-83-mes00000-luna-grey/p/MCO46041404?highlight=false&headerTopBrand=false#polycard_client=search-nordic&searchVariation=MCO46041404&position=47&search_layout=stack&type=product&tracking_id=74c533b3-6a07-4af7-98b9-4b881827f92b&wid=MCO1565833163&sid=search
HP,Notebook Hp Victus Gamer Amd Ryzen 5-8645hs Nvidia Geforce Rtx 4050 8gb Ddr5 512gb Ssd 15.6 Inch Fhd Ips 144hz Gaming,3799000.0,3685030.0,3.0,5.0,14,https://www.mercadolibre.com.co/notebook-hp-victus-gamer-amd-ryzen-5-8645hs-nvidia-geforce-rtx-4050-8gb-ddr5-512gb-ssd-156-inch-fhd-ips-144hz-gaming/p/MCO38292652?highlight=true&headerTopBrand=false#polycard_client=search-nordic&searchVariation=MCO38292652&position=48&search_layout=stack&type=product&tracking_id=74c533b3-6a07-4af7-98b9-4b881827f92b&wid=MCO2566409674&sid=search
HP,"Portátil HP 15-fd0048la Intel Core i5 8GB RAM, 512GB SSD HD Windows 11 Home Single Language 15.6""",3999900.0,1699900.0,57.0,,,https://www.mercadolibre.com.co/portatil-hp-15-fd0048la-intel-core-i5-8gb-ram-512gb-ssd-hd-windows-11-home-single-language-156/p/MCO45961611?highlight=true&headerTopBrand=true#polycard_client=search-nordic&searchVariation=MCO45961611&position=49&search_layout=stack&type=product&tracking_id=74c533b3-6a07-4af7-98b9-4b881827f92b&wid=MCO2812059826&sid=search
ACER,Computador Portatil Gamer Acer Nitro V 15 Negro Intel Core I9 13900h 16gb De Ram 512gb Ssd Nvidia Geforce Rtx 4060 8gb 144 Hz 1920x1080px Windows 11 Home,6234999.0,5549149.0,11.0,4.4,5,https://www.mercadolibre.com.co/computador-portatil-gamer-acer-nitro-v-15-negro-intel-core-i9-13900h-16gb-de-ram-512gb-ssd-nvidia-geforce-rtx-4060-8gb-144-hz-1920x1080px-windows-11-home/p/MCO46514886?highlight=true&headerTopBrand=false#polycard_client=search-nordic&searchVariation=MCO46514886&position=50&search_layout=stack&type=product&tracking_id=74c533b3-6a07-4af7-98b9-4b881827f92b&wid=MCO2831701728&sid=search
LENOVO,"Notebook Lenovo Core I3 15,6 8gb 512gb Ssd W11 Color Azul Claro",,1510000.0,,5.0,6,https://www.mercadolibre.com.co/notebook-lenovo-core-i3-156-8gb-512gb-ssd-w11-color-azul-claro/p/MCO29012773?highlight=true&headerTopBrand=false#polycard_client=search-nordic&searchVariation=MCO29012773&position=51&search_layout=stack&type=product&tracking_id=74c533b3-6a07-4af7-98b9-4b881827f92b&wid=MCO2882611112&sid=search
ASUS,Laptop Asus Tuf Ryzen 5 7535hs 8gb 512gb 15.6 4gb Color Negro,3599000.0,3049000.0,15.0,5.0,1,https://www.mercadolibre.com.co/laptop-asus-tuf-ryzen-5-7535hs-8gb-512gb-156-4gb-color-negro/p/MCO37560222?highlight=false&headerTopBrand=false#polycard_client=search-nordic&searchVariation=MCO37560222&position=3&search_layout=stack&type=product&tracking_id=74c533b3-6a07-4af7-98b9-4b881827f92b&wid=MCO2822482712&sid=search
